{"lr": 0.1, "data_time": 0.00019972324371337892, "loss": 3.245707392692566, "time": 0.45733840465545655, "epoch": 1, "memory": 2957, "step": 100}
