{"lr": 0.1, "data_time": 0.00039904117584228517, "loss": 3.369222092628479, "time": 0.07918949127197265, "epoch": 1, "memory": 651, "step": 100}
{"lr": 0.1, "data_time": 0.00039913654327392576, "loss": 3.40275182723999, "time": 0.07938761711120605, "epoch": 1, "memory": 651, "step": 200}
{"lr": 0.1, "data_time": 0.00039913654327392576, "loss": 3.2739996671676637, "time": 0.0793877363204956, "epoch": 1, "memory": 651, "step": 300}
{"lr": 0.1, "data_time": 0.00029935836791992185, "loss": 3.3600373029708863, "time": 0.07966401576995849, "epoch": 1, "memory": 651, "step": 400}
{"lr": 0.1, "data_time": 0.0004990100860595703, "loss": 3.3531612157821655, "time": 0.07985789775848388, "epoch": 1, "memory": 651, "step": 500}
{"lr": 0.1, "data_time": 0.0004987478256225586, "loss": 3.256899833679199, "time": 0.0798905372619629, "epoch": 1, "memory": 651, "step": 600}
{"lr": 0.1, "data_time": 0.0004987239837646485, "loss": 3.1297998905181883, "time": 0.0797994613647461, "epoch": 1, "memory": 651, "step": 700}
{"lr": 0.1, "data_time": 0.0004987955093383789, "loss": 3.3100566387176515, "time": 0.07986927032470703, "epoch": 1, "memory": 651, "step": 800}
{"accuracy/top1": 6.117647171020508, "accuracy/top5": 30.58823585510254, "data_time": 0.10158015634411964, "time": 0.1278017302539861, "step": 1}
