{"lr": 2.5863685344827587e-05, "data_time": 2.3543532371520994, "loss": 2.7380022048950194, "loss_cls": 2.0621516704559326, "loss_bbox": 0.6758505344390869, "time": 4.07075719833374, "epoch": 1, "memory": 1535, "step": 5}
{"lr": 6.465640086206897e-05, "data_time": 1.2039726864207874, "loss": 2.7316099513660776, "loss_cls": 2.054472175511447, "loss_bbox": 0.6771378029476512, "time": 2.1855325482108374, "epoch": 2, "memory": 1535, "step": 11}
{"lr": 0.00010344911637931034, "data_time": 0.8469768552219167, "loss": 2.761552530176499, "loss_cls": 2.1045479564105762, "loss_bbox": 0.657004573765923, "time": 1.6096454367918127, "epoch": 3, "memory": 1535, "step": 17}
{"lr": 0.00014224183189655168, "data_time": 0.67853800110195, "loss": 2.7728167616802715, "loss_cls": 2.1281304981397544, "loss_bbox": 0.6446862557659978, "time": 1.3362358445706575, "epoch": 4, "memory": 1535, "step": 23}
{"lr": 0.000181034547413793, "data_time": 0.5812061819536932, "loss": 2.79569777949103, "loss_cls": 2.173643079297296, "loss_bbox": 0.6220546868340723, "time": 1.1779893842236748, "epoch": 5, "memory": 1535, "step": 29}
{"lr": 0.0001874999999999999, "data_time": 0.5140838554927281, "loss": 2.7829804829188753, "loss_cls": 2.1715846913201466, "loss_bbox": 0.6113957839352744, "time": 1.070633772441319, "epoch": 6, "memory": 1535, "step": 35}
{"lr": 0.0001874999999999999, "data_time": 0.4689909132515512, "loss": 2.753699331748776, "loss_cls": 2.1670253742031935, "loss_bbox": 0.5866739459154082, "time": 0.9976323057965535, "epoch": 7, "memory": 1536, "step": 41}
{"lr": 0.0001874999999999999, "data_time": 0.4336923234006192, "loss": 2.692811331850417, "loss_cls": 2.121699094772339, "loss_bbox": 0.5711122301030667, "time": 0.9405530665783172, "epoch": 8, "memory": 1535, "step": 47}
{"lr": 0.0001874999999999999, "data_time": 0.19317955017089844, "loss": 2.6149609732627868, "loss_cls": 2.065834982395172, "loss_bbox": 0.5491259872913361, "time": 0.5609545993804932, "epoch": 9, "memory": 1535, "step": 53}
{"lr": 0.0001874999999999999, "data_time": 0.189430570602417, "loss": 2.5095730376243592, "loss_cls": 1.991226954460144, "loss_bbox": 0.518346072435379, "time": 0.5570249319076538, "epoch": 10, "memory": 1537, "step": 59}
{"coco/bbox_mAP": 0.524, "coco/bbox_mAP_50": 0.659, "coco/bbox_mAP_75": 0.599, "coco/bbox_mAP_s": 0.0, "coco/bbox_mAP_m": 0.25, "coco/bbox_mAP_l": 0.644, "data_time": 0.3908897546621469, "time": 0.4829565928532527, "step": 10}
{"lr": 0.0001874999999999999, "data_time": 0.1888711404800415, "loss": 2.3589284467697142, "loss_cls": 1.8662334728240966, "loss_bbox": 0.4926949620246887, "time": 0.5614124774932862, "epoch": 11, "memory": 1535, "step": 65}
{"lr": 0.0001874999999999999, "data_time": 0.19126397609710694, "loss": 2.1946285915374757, "loss_cls": 1.7292591762542724, "loss_bbox": 0.4653694134950638, "time": 0.5772960901260376, "epoch": 12, "memory": 1535, "step": 71}
{"lr": 0.0001874999999999999, "data_time": 0.19814610004425048, "loss": 1.9965348052978515, "loss_cls": 1.5620541262626648, "loss_bbox": 0.43448068022727965, "time": 0.5981730604171753, "epoch": 13, "memory": 1535, "step": 77}
{"lr": 0.0001874999999999999, "data_time": 0.20773457527160644, "loss": 1.8015697026252746, "loss_cls": 1.3874853557348252, "loss_bbox": 0.4140843427181244, "time": 0.6125840759277343, "epoch": 14, "memory": 1535, "step": 83}
{"lr": 0.0001874999999999999, "data_time": 0.2163638639450073, "loss": 1.631543107032776, "loss_cls": 1.233751704096794, "loss_bbox": 0.3977913993597031, "time": 0.6258666229248047, "epoch": 15, "memory": 1535, "step": 89}
{"lr": 0.0001874999999999999, "data_time": 0.2166280698776245, "loss": 1.4674680411815644, "loss_cls": 1.093927971124649, "loss_bbox": 0.373540061712265, "time": 0.6326687526702881, "epoch": 16, "memory": 1535, "step": 95}
{"lr": 0.0001874999999999999, "data_time": 0.2282976961135864, "loss": 1.3391699028015136, "loss_cls": 0.9756463718414307, "loss_bbox": 0.36352352261543275, "time": 0.6505468845367431, "epoch": 17, "memory": 1535, "step": 101}
{"lr": 0.0001874999999999999, "data_time": 0.23638909339904784, "loss": 1.2178399503231048, "loss_cls": 0.8710939735174179, "loss_bbox": 0.3467459714412689, "time": 0.6639359760284423, "epoch": 18, "memory": 1549, "step": 107}
{"lr": 0.0001874999999999999, "data_time": 0.24783048152923584, "loss": 1.1666760754585266, "loss_cls": 0.8240971374511719, "loss_bbox": 0.34257892876863477, "time": 0.679920425415039, "epoch": 19, "memory": 1535, "step": 113}
{"lr": 0.0001874999999999999, "data_time": 0.2556140947341919, "loss": 1.0750024688243867, "loss_cls": 0.7433413118124008, "loss_bbox": 0.33166114628314974, "time": 0.6859444522857666, "epoch": 20, "memory": 1535, "step": 119}
{"coco/bbox_mAP": 0.662, "coco/bbox_mAP_50": 0.789, "coco/bbox_mAP_75": 0.757, "coco/bbox_mAP_s": 0.0, "coco/bbox_mAP_m": 0.362, "coco/bbox_mAP_l": 0.784, "data_time": 0.003989202635628837, "time": 0.04634504658835275, "step": 20}
{"lr": 0.00018701210630623673, "data_time": 0.25568475723266604, "loss": 1.0182262063026428, "loss_cls": 0.6988791465759278, "loss_bbox": 0.3193470498919487, "time": 0.6785335206985473, "epoch": 21, "memory": 1535, "step": 125}
{"lr": 0.00018446526890387004, "data_time": 0.25241597652435305, "loss": 0.978842442035675, "loss_cls": 0.6686510664224624, "loss_bbox": 0.3101913711428642, "time": 0.6778717184066773, "epoch": 22, "memory": 1537, "step": 131}
{"lr": 0.00017980014232129403, "data_time": 0.24643859386444092, "loss": 0.9471756899356842, "loss_cls": 0.6366516023874282, "loss_bbox": 0.31052408427000044, "time": 0.6734189939498901, "epoch": 23, "memory": 1535, "step": 137}
{"lr": 0.00017313159745763925, "data_time": 0.2505459690093994, "loss": 0.9080539667606353, "loss_cls": 0.5994504991173745, "loss_bbox": 0.3086034631729126, "time": 0.6763526248931885, "epoch": 24, "memory": 1535, "step": 143}
{"lr": 0.00016462383601908038, "data_time": 0.2482794141769409, "loss": 0.8749422705173493, "loss_cls": 0.5774386575818062, "loss_bbox": 0.29750360667705533, "time": 0.6739039754867554, "epoch": 25, "memory": 1535, "step": 149}
{"lr": 0.0001544863473278761, "data_time": 0.24295191287994386, "loss": 0.8482506668567658, "loss_cls": 0.5562816253304481, "loss_bbox": 0.29196903824806214, "time": 0.6675095796585083, "epoch": 26, "memory": 1539, "step": 155}
{"lr": 0.00014296874999999998, "data_time": 0.2400059175491333, "loss": 0.8139479768276214, "loss_cls": 0.5311127337813377, "loss_bbox": 0.2828352403640747, "time": 0.6602789211273193, "epoch": 27, "memory": 1535, "step": 161}
{"lr": 0.0001303546455063783, "data_time": 0.23708845615386964, "loss": 0.8072406625747681, "loss_cls": 0.5331721910834313, "loss_bbox": 0.27406846851110456, "time": 0.6540351629257202, "epoch": 28, "memory": 1546, "step": 167}
{"lr": 0.00011695463496345667, "data_time": 0.230058274269104, "loss": 0.7979185032844544, "loss_cls": 0.5269420555233956, "loss_bbox": 0.27097644686698913, "time": 0.6438899612426758, "epoch": 29, "memory": 1540, "step": 173}
{"lr": 0.00010309867110288716, "data_time": 0.22944849967956543, "loss": 0.780223593711853, "loss_cls": 0.5127533170580864, "loss_bbox": 0.2674702763557434, "time": 0.6432082080841064, "epoch": 30, "memory": 1540, "step": 179}
{"coco/bbox_mAP": 0.681, "coco/bbox_mAP_50": 0.802, "coco/bbox_mAP_75": 0.77, "coco/bbox_mAP_s": 0.0, "coco/bbox_mAP_m": 0.437, "coco/bbox_mAP_l": 0.792, "data_time": 0.004167965480259487, "time": 0.04146174022129604, "step": 30}
{"lr": 8.912793374022463e-05, "data_time": 0.23737176418304443, "loss": 0.7583710682392121, "loss_cls": 0.49455143839120863, "loss_bbox": 0.2638196322321892, "time": 0.6569693708419799, "epoch": 31, "memory": 1535, "step": 185}
{"lr": 7.538642879555673e-05, "data_time": 0.24345221042633056, "loss": 0.7826590836048126, "loss_cls": 0.5112745529413223, "loss_bbox": 0.2713845318555832, "time": 0.6637807369232178, "epoch": 32, "memory": 1553, "step": 191}
{"lr": 6.221251772606155e-05, "data_time": 0.2428314208984375,